策略,日期,计划购电量_kWh,调整后购电量_kWh,上调量_kWh,下调量_kWh,紧急购电量_kWh,剩余电量_kWh,计划购电费_元,调整成本_元,紧急购电费_元,总成本_元
问题3_固定价_八时点代理,2025-01-01,78144.93599102228,94059.73845971277,15914.802468690486,0.0,4728.49747000908,1971.7515086021833,48113.5096635349,18772.15441015377,16953.25340919625,83838.91748288492
问题3_固定价_八时点代理,2025-01-02,98813.28890679011,97161.60481847759,314.00851718289476,1965.6926054954192,2269.5256816331125,1781.4640404683237,63517.5186966125,-393.43889611535946,8352.414702408949,71476.49450290608
问题3_固定价_八时点代理,2025-01-03,96117.00270977365,59634.51636307945,0.0,36482.486346694204,3168.978485474702,13621.754658476251,61652.263123188415,-14081.848638794505,16325.243864446673,63895.65834884059
问题3_固定价_八时点代理,2025-01-04,92794.88484999999,59599.274573104994,0.0,33195.610276895,3463.369222573626,14566.224572670662,59227.96342613472,-12796.541896427501,18201.121426121477,64632.54295582869
问题3_固定价_八时点代理,2025-01-05,71824.92102465706,90393.78446281253,18568.863438155462,0.0,7486.889371811182,2154.70427380271,42463.35167794368,22772.770182255223,29944.29879010643,95180.42065030533
问题3_固定价_八时点代理,2025-01-06,93714.94415,95092.019258327,2198.329334407806,821.254226080806,1999.3405018472508,1713.1381565015054,59829.8954522436,2321.131192645624,7527.765617908911,69678.79226279815
问题3_固定价_八时点代理,2025-01-07,92206.87997746913,98039.61843453778,5832.738457068651,0.0,1765.3120901200937,2416.017565155594,58594.39390314416,6692.020908953114,6489.326684629971,71775.74149672725
问题3_固定价_八时点代理,2025-01-08,100256.77448333333,94481.20817125583,585.0067335863212,6360.573045663818,2120.511152179797,2354.188836418633,64444.06802144472,-1444.685919830004,7335.278505342413,70334.66060695713
问题3_固定价_八时点代理,2025-01-09,93626.00512129629,95273.97168895244,1833.2617808736206,185.29521321746995,2508.1893268783256,1891.1899171861287,59648.462460191935,2324.415814208495,8947.70636757989,70920.58464198033
问题3_固定价_八时点代理,2025-01-10,99705.33541886145,59539.384704177166,0.0,40165.95071468428,3245.4860678798655,13646.665309796228,64351.99013107355,-15403.120621960968,17322.80826954891,66271.6777786615
问题3_固定价_八时点代理,2025-01-11,93137.77426358024,57927.06867681423,0.0,35210.70558676601,3892.2039034780887,13316.700189926007,59409.804955085274,-13396.783340986936,20102.44796280534,66115.46957690368
问题3_固定价_八时点代理,2025-01-12,94792.13248916322,96300.47362797428,3336.4150769567736,1828.0739381457183,2220.2093766733997,2998.946465042162,60376.706260071405,3574.7266376634225,7695.037722745051,71646.47062047989
问题3_固定价_八时点代理,2025-01-13,95005.94070795609,94429.55145329471,1083.2057466041435,1659.5950012655323,1651.0774509733353,3147.9046500055697,60747.43650881662,410.46261644658534,6061.333272991561,67219.23239825477
问题3_固定价_八时点代理,2025-01-14,93420.11871666666,93647.93937568234,808.5054200478721,580.6847610321943,1998.9573430506568,1629.103546522184,59592.48866865583,542.560976840302,7309.744273040341,67444.79391853647
问题3_固定价_八时点代理,2025-01-15,90220.10732016666,95100.5915247312,4880.484204564542,0.0,1588.8438770852763,1824.3793562027563,57144.33207707132,5503.0789941589865,6245.909795835118,68893.32086706541
问题3_固定价_八时点代理,2025-01-16,89879.84241666667,93162.82161574048,3282.9791990738245,0.0,2180.9863918487595,1675.362060664299,56916.85016525417,3871.7868304424787,8460.445939578569,69249.0829352752
问题3_固定价_八时点代理,2025-01-17,92566.32252489711,56797.579506042355,0.0,35768.74301885476,3869.397728615966,14411.514508419436,58814.49105663286,-13573.624356706301,20638.34171639,65879.20841631657
问题3_固定价_八时点代理,2025-01-18,95612.43856515775,57222.65530379458,0.0,38389.78326136316,3943.870132189596,14377.374536391984,60930.57503158262,-14441.615370875172,19569.99261625983,66058.95227696728
问题3_固定价_八时点代理,2025-01-19,88877.29597150206,93572.96722457906,4711.59029716056,15.91904408356038,1552.5086691142533,1637.9654605450737,56151.82449656287,5209.83539090705,6183.629741886626,67545.28962935654
问题3_固定价_八时点代理,2025-01-20,89391.6586903292,91942.54285397209,3419.7782305650753,868.8940669221968,2103.5862646462124,1241.1314981348776,56679.94690829592,3398.626965888461,8162.015425303306,68240.58929948769
问题3_固定价_八时点代理,2025-01-21,89819.00520082304,87867.05494975907,202.7411413098888,2154.6913923738534,2248.5140197849596,1991.5423471848485,56754.9451151387,-549.256497291935,8491.662398107002,64697.35101595376
问题3_固定价_八时点代理,2025-01-22,94889.88652448558,94491.91082876737,1258.659235091684,1656.6349308099027,1835.6238210837785,2711.8602026428225,60373.75801893466,919.8351312572597,7166.490201387371,68460.08335157929
问题3_固定价_八时点代理,2025-01-23,91904.93683333333,93784.19627351227,2615.5902928435876,736.330852664642,2215.6999494314277,1670.592284830021,58168.78897273083,3028.024477330626,7872.891071726414,69069.70452178786
问题3_固定价_八时点代理,2025-01-24,42830.58999804527,44125.53144953544,2132.5717333385614,837.6302818483841,1799.2548489337355,2046.497954709058,22333.752435131377,1173.72718840585,7028.965541961682,30536.44516549891
问题3_固定价_八时点代理,2025-01-25,42200.80461388888,44089.45034257263,2840.095565244261,951.4498365605161,1667.454691647672,3284.005941520533,21981.191412781664,1484.4144338424198,7350.803571183387,30816.40941780747
问题3_固定价_八时点代理,2025-01-26,98024.41295980795,93119.95028615555,33.134719372409336,4937.597393024803,1988.572412618627,2694.348402011471,62386.89769625125,-1633.4412525128641,7342.747226118505,68096.2036698569
问题3_固定价_八时点代理,2025-01-27,87346.98437541151,88688.4029583056,1595.318071799477,253.89948890539188,2084.1695587394615,2042.9751518717148,54938.19594660616,1681.9738922083168,7989.898044728293,64610.06788354277
问题3_固定价_八时点代理,2025-01-28,93251.96245823044,92213.64014195414,663.6232898133385,1701.945606089639,1577.8146896559488,2097.8326174982785,58619.68790382675,397.68398006715967,5975.5551639967525,64992.92704789066
问题3_固定价_八时点代理,2025-01-29,86196.74904643347,86881.91986437532,1694.2621718097334,1009.0913538678737,1566.3815435018496,2567.606501865318,53577.593965400476,1628.0358226169935,6248.415846415513,61454.04563443298
问题3_固定价_八时点代理,2025-01-30,86757.0084840535,89335.96365577544,2786.678800688997,207.72362896703885,1358.258967369718,2386.551508561798,54575.917634368074,3069.2426436516303,5827.325254841184,63472.48553286088
问题3_固定价_八时点代理,2025-01-31,41842.900572839506,43490.01643739747,2402.7155533090777,755.5996887511116,1821.5993804179793,2585.5627674005236,21521.384394518118,1419.42166111641,7268.3230523861375,30209.129108020665
问题3_固定价_八时点代理,2025-02-01,43391.58145768176,39660.43501215778,0.0,3731.1464455239793,1693.9695843139136,3263.2473288754336,22844.71477526713,-1348.8888108736126,7166.696263802849,28662.522228196365
问题3_固定价_八时点代理,2025-02-02,89506.9854574417,83895.0624028363,0.0,5611.923054605391,1728.2375364409463,2765.694926202475,56239.039665895885,-2086.8590712486084,7353.611849899717,61505.792444547
问题3_固定价_八时点代理,2025-02-03,91918.772925,84703.31415463354,0.0,7215.458770366464,2499.170943175069,2436.9964244054718,57782.93958551333,-2604.1224384688353,9690.772081669413,64869.589228713914
问题3_固定价_八时点代理,2025-02-04,94212.77949554184,87133.11891316669,0.0,7079.660582375147,1883.315858283548,3149.9603759962165,59811.07020338677,-2699.2733362940226,7586.682145227685,64698.47901232044
问题3_固定价_八时点代理,2025-02-05,89289.64594814814,86807.31693949108,1005.6633942357987,3487.9924028928554,1495.6479556827333,2980.0539656056144,56250.10578681694,-447.70279095935217,6654.456845825863,62456.85984168345
问题3_固定价_八时点代理,2025-02-06,95229.89956707819,86383.90943641146,0.0,8845.99013066673,1617.93761228284,3115.4436469440875,60396.73363337031,-3300.636493959659,6750.291959992082,63846.38909940274
问题3_固定价_八时点代理,2025-02-07,44774.64676618656,40002.548140978164,0.0,4772.098625208396,924.884852322097,5395.8805153921085,23251.0403964393,-1486.0971388302285,4515.860849787859,26280.80410739693
问题3_固定价_八时点代理,2025-02-08,38559.95565648148,37247.461029882885,345.3437038766572,1657.8383304752476,1264.4219101568797,3341.02159721494,19837.070785684627,-34.93016312486926,5241.852325761056,25043.992948320814
问题3_固定价_八时点代理,2025-02-09,90381.00501851851,86459.74790228889,20.219306921570848,3941.47642315119,1476.533966335195,3922.339731606826,56951.585860993604,-1565.3200233277657,6749.962788186839,62136.22862585268
问题3_固定价_八时点代理,2025-02-10,86012.99313333332,80273.15493813092,350.74363473992605,6090.581829942339,1220.4227102969278,2611.375597919215,53715.30799574666,-1830.773668881315,5407.914588979693,57292.44891584504
问题3_固定价_八时点代理,2025-02-11,87018.03861862139,80216.7250430203,154.8674197710299,6956.180995372125,1704.9885522864865,2235.7991119497833,54680.217171344346,-2564.967193474033,7715.079507859286,59830.3294857296
问题3_固定价_八时点代理,2025-02-12,87234.74164166665,80454.1027820602,0.0,6780.63885960645,1543.4074061082151,2229.346373843142,54712.57828390277,-2559.9895207993486,6929.816118469853,59082.404881573275
问题3_固定价_八时点代理,2025-02-13,82398.34417499999,77108.6592980787,331.9860210969681,5621.67089801827,1261.4706050984614,2715.786540407204,50927.241121126106,-1588.8051094386306,5846.276204259024,55184.7122159465
问题3_固定价_八时点代理,2025-02-14,38385.207572290805,36663.14146524103,111.53419229459939,1833.6002993443713,1432.750760613907,4859.5165540086855,19570.896350961237,-373.1743053049885,6512.02905742851,25709.751103084756
问题3_固定价_八时点代理,2025-02-15,39159.170623662554,36923.81054989217,0.0,2235.360073770375,1501.0784931311077,5734.238238261023,20290.404527314877,-766.5571893751682,6659.836198207746,26183.683536147455
问题3_固定价_八时点代理,2025-02-16,87774.861775,79958.25221510966,529.7102023280379,8346.319762218367,1781.6353212093877,2001.2992170975274,54874.825222493324,-2387.4255477137162,7479.526981062706,59966.92665584232
问题3_固定价_八时点代理,2025-02-17,87693.68281666665,76043.97524387918,101.77796092737162,11751.48553371485,1924.5389237912318,2547.257898135723,54255.263153887216,-3916.367805667693,8352.976484187759,58691.87183240728
问题3_固定价_八时点代理,2025-02-18,78483.73675565844,77720.44487214659,49.55338919474832,812.8452727065857,1663.7701513734498,3024.347861441587,48449.972135134696,-226.3928839312977,6842.399705778786,55065.97895698219
问题3_固定价_八时点代理,2025-02-19,79212.12103108333,77493.44022130604,750.9853453727159,2469.66615515001,2121.760059848532,2203.458289210565,48960.43210302005,-275.29844673668595,9506.083043460043,58191.21669974341
问题3_固定价_八时点代理,2025-02-20,82564.75589999999,76613.01185341536,232.79503438146997,6184.539080966107,1878.73000942292,3153.7605334123527,50795.90836066888,-1852.666515906106,7895.621151489187,56838.86299625196
问题3_固定价_八时点代理,2025-02-21,36345.72871604938,34789.71559170048,0.0,1556.0131243489009,1623.7248121077114,7416.320959572485,18402.688130325925,-534.0806018628605,7065.17895954699,24933.786488010053
问题3_固定价_八时点代理,2025-02-22,36350.303081790116,34712.86332145777,0.0,1637.4397603323457,1445.459574782217,5013.6817514174745,18698.645928491387,-551.0840446975918,6668.180595399244,24815.74247919304
问题3_固定价_八时点代理,2025-02-23,80937.93538472016,76246.18323791503,113.63205477768815,4805.384201582824,2255.9018430892547,2590.997446272949,49724.93504680194,-1657.7823778971044,8833.366583969497,56900.519252874336
问题3_固定价_八时点代理,2025-02-24,77643.50720277778,74344.08607637332,0.0,3299.421126404451,2202.8955227753304,4178.1199550602805,48112.63745534167,-1286.046644291925,9776.27253251456,56602.8633435643
问题3_固定价_八时点代理,2025-02-25,80034.84269733333,70958.0176581707,7.949542548752476,9084.774581711368,2362.528272108387,3341.6011658750995,49150.44401222398,-3214.5757263284654,9851.853491108272,55787.72177700379
问题3_固定价_八时点代理,2025-02-26,73596.24300720164,74284.04594111402,1137.3456987565166,449.54276484414606,1861.833191373416,3079.0842815044207,44751.193947378364,819.8175464871565,8312.522197345546,53883.533691211065
问题3_固定价_八时点代理,2025-02-27,75153.49094794238,72040.31031843928,143.30796113647898,3256.488590639581,1540.1777092766342,2415.1297850782494,46091.21399772041,-950.886888077634,7133.82915568626,52274.15626532904
问题3_固定价_八时点代理,2025-02-28,34945.089182716045,33563.6313862,95.86924783413812,1477.3270443501842,1099.825973677961,8112.238059522514,17873.64968718574,-395.0965306570639,5012.04474028996,22490.597896818635
问题3_固定价_八时点代理,2025-03-01,39173.33567647462,36098.48984194253,89.35793803885554,3164.203772570946,1376.7322809350544,10658.83406365189,19894.84023929468,-878.9332188249865,6565.147116254785,25581.054136724477
问题3_固定价_八时点代理,2025-03-02,83380.72546258572,78997.90541804585,0.0,4382.82004453988,1380.3766178884077,3569.3233458378886,51472.787243162704,-1611.973860682096,6241.82685414572,56102.64023662633
问题3_固定价_八时点代理,2025-03-03,85815.54521666667,76996.67781244333,357.3544405125639,9176.221844735883,2104.551179117586,2659.4149031090424,53054.209476464435,-2716.9147112976125,9375.149850723534,59712.44461589036
问题3_固定价_八时点代理,2025-03-04,76413.86927290808,74820.76622478994,0.0,1593.1030481181356,1619.216807711153,2994.4203030364547,46834.12309604766,-652.3481194967342,7014.72923110111,53196.50420765204
问题3_固定价_八时点代理,2025-03-05,80271.6536723251,70901.06536437347,68.1731993341042,9438.76150728573,2146.935868120187,2763.9928206109166,49171.11052263508,-3269.840042582601,9521.258645340084,55422.52912539256
问题3_固定价_八时点代理,2025-03-06,75739.2459656111,71219.82634248349,22.187828723767126,4541.607451851392,1869.496116766264,2916.6019148438345,46123.03360439611,-1584.4156615975903,7952.303285567043,52490.92122836556
问题3_固定价_八时点代理,2025-03-07,35299.6954164952,32225.391911915107,0.0,3074.303504580092,2073.7900466516567,10327.116877893814,18268.98032292532,-1021.4111240739373,8295.066653183834,25542.635852035215
问题3_固定价_八时点代理,2025-03-08,33478.41122921811,32092.67722511737,0.0,1385.7340041007355,1112.0549474359154,11078.201361701205,17024.60950709892,-469.2101712883813,4811.165531668326,21366.564867478864
问题3_固定价_八时点代理,2025-03-09,78567.74005733881,67977.4167283409,1.625962099277615,10591.94929109719,2018.1884809643689,2455.6901430211533,47768.461192139366,-3484.31849290124,8692.743081150144,52976.88578038827
问题3_固定价_八时点代理,2025-03-10,75606.78862088888,72920.36531553089,290.34705012937144,2976.7703554873747,2432.8263519998764,3109.4257433377625,45569.997921824164,-686.0926233405802,9537.558785699732,54421.46408418331
问题3_固定价_八时点代理,2025-03-11,66653.74220017146,69630.7521054233,3838.359131874858,861.3492266230301,1871.4493984770459,3402.7396919466046,40499.43951821178,2665.106025777405,8303.789731673987,51468.33527566317
问题3_固定价_八时点代理,2025-03-12,76476.41774372976,66763.28456339578,93.81449737212385,9806.947677706105,2064.65486723471,2253.0546207348057,46545.13538967789,-3191.5015897216754,8796.983781058214,52150.61758101443
问题3_固定价_八时点代理,2025-03-13,76636.5388743827,72810.05791573993,224.2905201038917,4050.771478746675,1968.7963142945953,3165.9683209708273,46494.43505639481,-1286.5331478251285,9099.603160132738,54307.50506870242
问题3_固定价_八时点代理,2025-03-14,32547.86612290809,31320.325167629224,435.7821217046781,1663.3230769835454,1749.0170696391137,14077.357475789462,16342.728400207441,148.3435614446283,7587.552836234114,24078.624797886183
问题3_固定价_八时点代理,2025-03-15,31858.29644746228,31558.332672867895,104.24779042129154,404.2115650156719,1256.9971049765386,8923.661980460402,15918.510839809689,7.298565642017495,5754.864775142699,21680.674180594404
问题3_固定价_八时点代理,2025-03-16,72457.79773333333,68133.36359216449,12.413746589508605,4336.847887758345,2458.5562156512474,3165.0124020254234,44019.853076604435,-1630.0527284793502,9830.963265818033,52220.76361394312
问题3_固定价_八时点代理,2025-03-17,68303.3716326965,62361.90846876894,216.49702334881368,6157.960187276373,2186.3136098875775,2624.488207078143,40423.00626910612,-1376.515683213284,9391.077537548137,48437.56812344097
问题3_固定价_八时点代理,2025-03-18,76874.96110823045,66913.36527036254,364.68285424771574,10326.278692115624,1731.5346171275496,3418.969334225521,46775.66348972279,-3049.753696905202,7679.245851029356,51405.15564384695
问题3_固定价_八时点代理,2025-03-19,63352.246609465015,64166.57215057316,1893.606246258289,1079.2807051501404,1979.1711917613143,2614.459318323865,38481.44313802191,903.4659342280745,7935.996742944873,47320.905815194856
问题3_固定价_八时点代理,2025-03-20,71780.23866666666,65445.14861034848,287.11244043086947,6622.202496749045,2763.7071062908803,1903.6123979268164,43444.38612489499,-1851.7019799486102,11254.591754185718,52847.2758991321
问题3_固定价_八时点代理,2025-03-21,30791.825825,30154.84655241483,29.738182699117544,666.7174552842881,1306.239690270636,16462.51584397058,15485.850881905,-196.36179927150036,6543.343955840023,21832.833038473524
问题3_固定价_八时点代理,2025-03-22,31376.198066666664,29780.01087736876,24.20436007846922,1620.3915493763718,1840.8911906037024,12790.45695726404,15963.1204057325,-574.3235053177519,7158.159771800168,22546.956672214914
问题3_固定价_八时点代理,2025-03-23,72340.86546762689,64136.22359752946,154.4982392062425,8359.14010930367,1706.7536446289066,3090.027860359718,43811.78760238472,-2760.8121228537366,7645.910554106154,48696.886033637136
问题3_固定价_八时点代理,2025-03-24,68355.52722129629,62827.32611090627,147.43561539227042,5675.636725782282,1866.5894093925688,2554.882918001147,40843.23160033722,-1548.6109855269144,7044.916708653173,46339.537323463475
问题3_固定价_八时点代理,2025-03-25,75649.96667006172,65222.18962548055,529.3571367329157,10957.134181314093,1846.5909172918466,2046.5085058649445,45733.98281078364,-2876.7609410341765,7671.9133042710855,50529.13517402055
问题3_固定价_八时点代理,2025-03-26,65334.27009262688,60532.53977603922,603.2364383396513,5404.966754927307,2283.046940833075,3159.1375080816006,39300.14976740708,-1056.787644042753,9123.26354351254,47366.62566687686
问题3_固定价_八时点代理,2025-03-27,69145.98370051439,62504.28343140135,83.67256363915855,6725.3728327522,2466.390061632703,2174.6067382686897,41744.322454499896,-2264.9247295963187,10317.281607243036,49796.67933214661
问题3_固定价_八时点代理,2025-03-28,30705.385045336072,29724.66483210523,0.0,980.7202132308441,1530.126798879381,17585.081181150123,15299.424957691896,-422.17199608838524,7098.485241754543,21975.73820335805
问题3_固定价_八时点代理,2025-03-29,29035.332719444443,28627.074978453144,370.5913563731983,778.8490973645006,1922.5733768368946,19888.006776009777,14338.76003267139,215.4621174931094,8620.516032027312,23174.73818219181
问题3_固定价_八时点代理,2025-03-30,67221.4133355967,59241.8955356082,125.3398209834736,8104.857620971971,1923.5086916860969,1759.1241417688707,39920.53502380049,-2163.2749317447,8229.412939409927,45986.67303146572
问题3_固定价_八时点代理,2025-03-31,58308.51482956275,61970.7424807653,3942.345102821252,280.1174516187016,1220.270470050019,2143.9031324103494,35012.328551300416,2906.17199648815,5160.425319059041,43078.92586684761
问题3_固定价_八时点代理,2025-04-01,71149.55663600823,65362.97099297521,256.2137528817495,6042.799395914769,1203.5967309726752,2420.196929886054,41927.66607282821,-1519.779796834849,5303.271860675859,45711.15813666922
问题3_固定价_八时点代理,2025-04-02,67536.36235349794,65423.360097027624,97.97558361460699,2210.9778400849204,1705.888641156244,2766.0426275917766,40271.85921429184,-593.4820309234514,7709.492480962421,47387.86966433081
问题3_固定价_八时点代理,2025-04-03,68551.41838285323,60790.944474220625,110.58206142877259,7871.055970061373,1661.709502465576,2501.470072019966,41488.96126502945,-2573.400111496463,6749.284734420815,45664.8458879538
问题3_固定价_八时点代理,2025-04-04,28324.85557777778,27468.747851186923,433.89286946193306,1290.0005960527878,1758.276430440022,19791.12448812141,13944.129901377779,92.78049997875391,7710.403695202337,21747.31409655887
问题3_固定价_八时点代理,2025-04-05,27612.404625,28584.312227733655,1005.7940406248396,33.88643789118447,2252.346213012078,15755.738136123124,13579.78313531389,1164.3261036963984,9804.249153575796,24548.358392586084
问题3_固定价_八时点代理,2025-04-06,64260.04281358024,59326.47937948257,419.0757210531702,5352.639155150845,1684.4101868710466,2518.191370709815,37581.62193731213,-1027.135411399075,7289.249245010074,43843.73577092312
问题3_固定价_八时点代理,2025-04-07,56347.081327527776,57552.44859386071,1473.360408216185,267.9931418832506,1751.3674223050718,2168.4220127044537,33242.623657159245,1149.601659982932,7543.292519366786,41935.51783650896
问题3_固定价_八时点代理,2025-04-08,65206.35406625514,59408.59529632436,316.3251266439146,6114.083896574687,1642.0016491980145,2635.1117863816794,38886.731031623945,-1351.690218728613,7234.1299123497665,44769.1707252451
问题3_固定价_八时点代理,2025-04-09,63683.91988580247,63114.96708221844,352.7978391751026,921.7506427591253,2070.3200717067552,1970.4538848286938,37718.34534756963,-43.10214812501891,8441.359438481835,46116.602637926444
问题3_固定价_八时点代理,2025-04-10,61720.86173899176,58817.78346417283,464.34786661318134,3367.4261414321163,2294.5278753201114,2740.632611603137,37149.382681420124,-933.3869537855626,10136.310256373208,46352.30598400777
问题3_固定价_八时点代理,2025-04-11,26394.512258333332,26416.360540326743,908.3026490468599,886.4543670534476,2415.0657723569448,20474.776146017022,12771.416033905,832.4635218968552,9950.424665463051,23554.304221264905
问题3_固定价_八时点代理,2025-04-12,27628.818633333332,26556.522183252004,0.0,1072.2964500813302,1400.537196760953,15903.40560259332,13778.8526401875,-405.4533242911145,5443.978335075896,18817.377650972285
问题3_固定价_八时点代理,2025-04-13,58787.942114197525,57479.843348616865,413.70220126996355,1721.800966850621,2322.4522472521558,1605.6760324714066,34705.46132723583,-202.46839481211865,9845.55510370344,44348.548036127155
问题3_固定价_八时点代理,2025-04-14,62141.44234711934,54787.57679026982,99.7127226758522,7453.578279525372,2866.204139361398,1247.7365394947308,37127.07118663126,-2427.8360867153006,11613.177386668207,46312.412486584166
问题3_固定价_八时点代理,2025-04-15,53587.52986076817,54699.7630200697,1320.4525445775662,208.21938527603163,1638.79966039442,2412.580437329686,31625.960719499086,1456.140485674821,7065.401521694315,40147.502726868224
问题3_固定价_八时点代理,2025-04-16,60324.15406882716,60166.70068841924,1709.4409045602729,1866.894284968198,1859.7698751880914,2355.0013517121615,35031.68338850343,1200.6202795862123,7626.922094511603,43859.22576260124
问题3_固定价_八时点代理,2025-04-17,53703.69840826475,56914.78103845299,3488.1587403382937,277.0761101500502,1924.7808903992886,2209.9951662283393,32512.402198534888,2639.511801569647,8978.045917670983,44129.959917775515
问题3_固定价_八时点代理,2025-04-18,26252.194124999998,25948.013349195295,280.0590012613686,584.2397770660752,2214.0243390976775,18767.920504959635,12696.741311701668,-12.468525305741995,9989.074285448738,22673.347071844662
问题3_固定价_八时点代理,2025-04-19,26070.329608333333,25956.746135185193,112.5797539135157,226.16322706165784,1447.472140661152,17591.084591615625,12372.132733895556,69.58559226176877,6141.398826468128,18583.117152625455
问题3_固定价_八时点代理,2025-04-20,55075.16245672153,56639.93875435429,2077.294713540375,512.5184159076182,1833.5595011255868,2445.391290812224,32739.141169905095,1223.340520781265,7276.548585412297,41239.03027609866
问题3_固定价_八时点代理,2025-04-21,58236.82199098079,53153.67779695889,1.2719225653942203,5084.416116587293,2515.9081045427106,3613.945983383769,34284.328798525334,-1522.9784971850925,10221.556028723835,42982.90633006408
问题3_固定价_八时点代理,2025-04-22,52946.76926666666,55180.93046829216,2537.9998139305017,303.83861230501196,2541.367572540278,1772.8002862408437,31181.68303470417,1967.083328229924,10400.887192739687,43549.65355567378
问题3_固定价_八时点代理,2025-04-23,50741.16998484225,55993.67742338904,5548.231065730113,295.7236271833201,1714.6824585411812,2591.1339497568624,30180.340089809182,4491.008157267784,6519.851220224047,41191.19946730101
问题3_固定价_八时点代理,2025-04-24,51799.451464951984,52689.34364044928,1279.545734592134,389.65355909483714,2000.1183419850581,3981.5825453172197,30852.759569603044,689.0270346801817,8402.157586928757,39943.94419121198
问题3_固定价_八时点代理,2025-04-25,25545.300961111112,24927.119780405712,492.47038256504675,1110.6515632704456,1895.6196042949568,21782.381734700673,12400.083490148058,151.3437669006493,7624.465753423395,20175.8930104721
问题3_固定价_八时点代理,2025-04-26,25425.889699999996,25258.42325854535,271.13929593925184,438.60573739389883,1699.067057199152,23847.296682411175,12262.20171998611,74.61421359392286,7412.439862989079,19749.255796569112
问题3_固定价_八时点代理,2025-04-27,50481.59320548696,53351.46518367024,3404.021057170324,534.1490789870531,2285.9068258346238,3524.9299048648545,30200.585998574606,3144.184299397679,9140.960935055358,42485.73123302765
问题3_固定价_八时点代理,2025-04-28,60740.15715524691,61111.308536285535,2609.745486393592,2238.594105354965,1428.5342485856809,2119.422387015246,35400.884672417626,1237.08077654685,6341.039312517894,42979.00476148236
问题3_固定价_八时点代理,2025-04-29,50843.294654492456,51806.84091003836,1314.4821080052632,350.9358524593589,2129.031714953712,2979.258353245629,30397.395780585895,944.9014672230892,9350.131500101994,40692.42874791098
问题3_固定价_八时点代理,2025-04-30,49022.380472839504,49574.93922816218,1434.6516308973987,882.0928755747284,3409.0280118897213,1454.830208014137,29740.951018828146,783.8088712721719,13718.812732292945,44243.572622393265
问题3_固定价_八时点代理,2025-05-01,51179.03771210562,54243.57770266001,4189.090521578638,1124.5505310242431,3921.1800281657906,3580.6282231349037,30919.342281279278,3816.4955962040553,17846.50107140028,52582.33894888361
问题3_固定价_八时点代理,2025-05-02,26494.204613888887,27389.432381680173,1903.6923807089224,1008.464612917637,2940.9026842664166,13000.014982613257,13037.948852634721,1919.4193972609849,13430.025944566369,28387.394194462075
问题3_固定价_八时点代理,2025-05-03,25772.877783333333,27032.114694586857,1757.0708855418866,497.83397428836145,2834.8834582925297,17976.971508197388,12309.810351855833,1704.377548931635,13525.916671359204,27540.104572146673
问题3_固定价_八时点代理,2025-05-04,54827.567836042515,53405.00625610933,1624.669766559172,3047.2313464923573,4932.860510691101,3251.3485928274313,32347.229398442112,1003.8394889664709,20382.596932325298,53733.665819733884
问题3_固定价_八时点代理,2025-05-05,56251.9906,57938.274914760776,1738.8785262238246,52.59421146304669,3065.7808458968398,1977.1479479212949,33644.32500366333,1967.3643107488595,13567.28469044538,49178.97400485757
问题3_固定价_八时点代理,2025-05-06,49215.35638292181,54245.35450211082,5295.783807252976,265.7856880639607,3701.3427821321534,1607.6384305058332,29452.269888517963,5570.825358115067,15929.202458792168,50952.2977054252
问题3_固定价_八时点代理,2025-05-07,52081.97238549382,57030.02543129702,5622.000091486664,673.9470456834625,3398.9923527163055,1702.3397693823829,31449.028260529813,4932.166943733467,15482.56159020691,51863.75679447019
问题3_固定价_八时点代理,2025-05-08,57374.24058477366,58904.83600730279,2847.430585715439,1316.8351631863097,2859.9036136367763,2363.7305715097573,33134.36311323651,2842.4006598095616,13549.787002417585,49526.55077546366
问题3_固定价_八时点代理,2025-05-09,24924.319598666665,27190.130620401957,2276.880162710971,11.069140975679147,2551.6846326959267,18201.946985190356,11733.1726423041,2651.7461597083657,11856.622687284711,26241.541489297175
问题3_固定价_八时点代理,2025-05-10,25112.43878888889,26465.73655647874,1509.3857967298588,156.08802914000637,2860.7294467123497,14165.420719857759,11836.094360803332,1682.1517968985224,13011.7377462161,26529.983903917957
问题3_固定价_八时点代理,2025-05-11,55051.10714135803,57873.96085234089,4162.064055152759,1339.2103441698976,2998.1695366444937,1761.39392346341,31816.902465795836,3954.058968051614,14220.208223992617,49991.169657840066
问题3_固定价_八时点代理,2025-05-12,47335.51419691358,53981.42366140853,6645.909464494952,0.0,3015.0248887184343,1855.7794114471135,28253.923260822503,6158.750394811607,13662.753291545694,48075.4269471798
问题3_固定价_八时点代理,2025-05-13,57305.230128292176,55529.54370437476,2005.6041504354184,3781.2905743528413,2934.9413914579463,1840.5743144985483,32774.53976179997,1866.6343858489442,13850.231069817344,48491.40521746626
问题3_固定价_八时点代理,2025-05-14,54617.21896025377,55888.50464974203,2865.8929628306837,1594.6072733424176,2756.4198555352323,2021.091874075824,32427.39569810763,2107.416443174634,12968.551527922562,47503.363669204824
问题3_固定价_八时点代理,2025-05-15,53227.539155555554,55859.70405680043,4177.160984078676,1544.9960828337978,2597.2555396474704,2097.695084616625,32519.34989062657,3002.730458765606,10991.398657796624,46513.4790071888
问题3_固定价_八时点代理,2025-05-16,24744.242566666668,25543.227759422705,1419.502143067436,620.5169503113975,2713.5661675035094,22501.287393592876,11928.473535356667,1402.7837483936637,11818.762957152836,25150.020240903166
问题3_固定价_八时点代理,2025-05-17,24514.664325,26205.64322571626,1955.7883173829277,264.80941666666786,2847.009418121538,15563.158540608303,11641.429374931668,2075.39268878928,13688.112640362075,27404.93470408302
问题3_固定价_八时点代理,2025-05-18,58238.345669650196,57638.34470784268,1400.3309084835644,2000.3318702910778,3048.314228862673,3334.0886295803416,33628.782986664315,736.3257302444628,13061.634429735639,47426.74314664442
问题3_固定价_八时点代理,2025-05-19,51660.55031203703,52776.93263302509,1540.847199952536,424.4648789644748,2338.201512628111,4116.779119241714,30167.111721761386,1757.173267304654,12130.80344961749,44055.08843868353
问题3_固定价_八时点代理,2025-05-20,51249.48069303841,57384.02174698813,6158.64620209757,24.1051481478421,2962.588020092855,2275.275374131097,30276.752672291703,4907.861172857047,14670.097980380968,49854.71182552972
问题3_固定价_八时点代理,2025-05-21,47769.280810048,53759.239284695,6058.221566231374,68.26309158437823,2990.4662891675193,2197.147074417897,28893.276981318602,5761.8818928506325,14005.360928403406,48660.51980257264
问题3_固定价_八时点代理,2025-05-22,51333.282303840875,53796.50247767624,2941.275877219099,478.0557033837366,2961.5184641250808,2460.6428285829766,30947.99096953106,2002.394360209368,13812.635526208827,46763.02085594925
问题3_固定价_八时点代理,2025-05-23,24453.819558333333,25483.84543122952,1050.3463228961891,20.320449999999518,2693.2729059964454,18716.169453892635,11507.053953865277,1031.2316915755748,12802.60891675878,25340.89456219963
问题3_固定价_八时点代理,2025-05-24,24707.003213333333,25466.758755629136,1182.872148295804,423.11660600000187,2005.6934347970848,20677.950807092886,11831.026745574569,813.6878450173458,10561.09309575754,23205.807686349453
问题3_固定价_八时点代理,2025-05-25,52094.591076646095,53537.17220675281,1920.1426290797194,477.5614989730029,2271.537252369953,3849.4931401525564,30449.3776899146,2231.3570260323095,10871.248376223995,43551.98309217091
问题3_固定价_八时点代理,2025-05-26,50037.39565133744,57315.264079397755,7502.116924406827,224.24849634651622,3417.652318876097,2731.3571863338934,29987.80147474509,6387.514040007201,15355.078334360309,51730.3938491126
问题3_固定价_八时点代理,2025-05-27,47627.578687037036,52901.06569120058,5796.856346331905,523.3693421683615,2870.7064234299096,3275.7460318076282,28896.640682233792,4594.982777126635,14180.330820094547,47671.95427945497
问题3_固定价_八时点代理,2025-05-28,55025.34401255555,56395.73817066143,1432.0264685254501,61.632310419566465,2056.702449790516,2488.9156100441833,32064.416721698097,1701.2026509438406,9325.853528691217,43091.47290133315
问题3_固定价_八时点代理,2025-05-29,54183.64317222222,58141.23240475992,4556.805939980389,599.2167074426934,2831.05384768914,2971.0777540282243,31944.160171783333,3740.0226374178583,12569.809149208033,48253.99195840922
问题3_固定价_八时点代理,2025-05-30,25241.81778611111,26042.858255297415,952.5016625251103,151.46119333880492,2186.398837892075,18593.02382652282,12299.535977013611,1070.5744756745098,8952.096073561954,22322.206526250076
问题3_固定价_八时点代理,2025-05-31,27037.587225,26450.236128773082,793.6063682832448,1380.9574645101634,2232.0173663412434,17321.015010407136,13481.774152233611,51.69011804996052,10432.234671235065,23965.698941518636
问题3_固定价_八时点代理,2025-06-01,69834.79799166667,72652.49735749826,5142.3277264816315,2324.6283606500324,4995.791144708449,2374.8474717439353,41205.32413756722,5101.770494551342,20718.221961540028,67025.31659365859
问题3_固定价_八时点代理,2025-06-02,71434.02669670954,68262.08521322625,4622.608534895714,7794.550018379,6353.878889530867,1717.4611232439463,42535.46062382326,3212.732201219241,24625.700644572087,70373.89346961459
问题3_固定价_八时点代理,2025-06-03,64802.66404235253,70947.98761572558,6533.327677299272,388.0041039262288,4664.140631077748,3278.4905120051026,38171.67039746489,7815.52269811358,17881.10728539759,63868.30038097606
问题3_固定价_八时点代理,2025-06-04,75474.89797836076,71821.64408098855,4829.769120031581,8483.023017403786,4500.51480351471,2455.4412698055958,45288.23436414935,2756.2457594652765,17450.92086555064,65495.40098916527
问题3_固定价_八时点代理,2025-06-05,64820.70734331275,72080.41609576691,7820.779342908168,561.0705904540125,5464.288718351378,2254.49714783658,37798.44018795197,9154.592977141076,21010.509251964606,67963.54241705766
问题3_固定价_八时点代理,2025-06-06,28669.10898888889,34871.49162815266,6202.382639263771,0.0,5185.61349169721,6205.901949621354,14953.076892821666,6940.454153738668,19196.519984253373,41090.05103081371
问题3_固定价_八时点代理,2025-06-07,29757.35101622085,36246.49674659278,6489.145730371922,0.0,4374.704233721807,6965.44724104136,14737.11578704336,7258.551454555542,16680.196819557445,38675.864061156346
问题3_固定价_八时点代理,2025-06-08,62863.66013858024,66292.85728280168,5867.4139354444205,2438.2167912229934,5062.128693816025,2473.8726751388203,36890.47907062741,6567.55478027828,18559.77321305042,62017.807063956105
问题3_固定价_八时点代理,2025-06-09,71648.0713797109,73559.2134415134,4260.850873610983,2349.708811808485,4227.8430511308825,2609.54563880253,43103.507801105276,4429.210653362831,16783.485519607246,64316.203974075346
问题3_固定价_八时点代理,2025-06-10,65598.02464677641,72452.1887800931,7004.679908765444,150.51577544875022,5555.162029631866,2114.5169480217455,38956.71494296894,7747.763550233819,20191.07990300966,66895.55839621242
问题3_固定价_八时点代理,2025-06-11,71392.69365283333,77771.2078262464,6488.4255350044195,109.91136159133657,4937.168957606047,2185.264995028554,43405.862355526064,7568.063463519263,18874.988864531595,69848.91468357692
问题3_固定价_八时点代理,2025-06-12,69493.18315287243,74573.49393102454,5102.706959428555,22.3961812764324,3823.79627831168,1733.1969475207834,41800.76113296254,6019.367677885579,14749.65093579141,62569.779746639535
问题3_固定价_八时点代理,2025-06-13,28163.048116666665,33885.93424048843,5732.02116317281,9.135039351046146,4677.023189913436,7177.643730401867,14384.793162395556,6158.685091293576,17589.562193236987,38133.04044692612
问题3_固定价_八时点代理,2025-06-14,28149.097199999997,32810.126728039315,4661.029528039318,0.0,5118.914701016231,8694.181450558615,14617.71303052361,5398.598165391624,19249.07350966629,39265.38470558153
问题3_固定价_八时点代理,2025-06-15,64295.64564084361,72374.8725852539,8165.639005156122,86.41206074582806,4100.98947055697,1558.002084095037,38688.085010583585,8186.447619319859,15599.605390340279,62474.13802024372
问题3_固定价_八时点代理,2025-06-16,67775.97278199588,74991.51362671367,7215.540844717792,0.0,4170.293460318227,2176.543518461527,40580.68035436077,7681.51157871125,16448.173232258574,64710.36516533059
问题3_固定价_八时点代理,2025-06-17,69501.37461882715,77224.70507377794,7723.33045495079,0.0,3823.220815295387,1991.0817301274556,42026.743449988935,8133.592967272343,14669.758144511536,64830.094561772814
问题3_固定价_八时点代理,2025-06-18,70116.61627750342,73790.79220655095,4907.582177053775,1233.406248006254,4160.030743032641,2919.4761120148896,42019.462081519974,5127.3479404087175,15915.580586049475,63062.39060797817
问题3_固定价_八时点代理,2025-06-19,65936.04281666665,70529.13594240442,6454.6533799852405,1861.5602542474826,4328.046823051378,2342.644106778738,39297.002184475554,6527.521445055578,16886.07018479091,62710.59381432204
问题3_固定价_八时点代理,2025-06-20,28687.755758333333,31842.469560290003,3154.713801956672,0.0,3140.606123623606,9584.650547873836,15096.948799025,3464.8336730783953,11949.950555522239,30511.733027625636
问题3_固定价_八时点代理,2025-06-21,28697.184833333333,31207.9884095175,2914.172746336092,403.36917015192284,3396.5395224098497,12310.958651372295,14894.559480803611,2974.1276991158466,12932.312874880081,30801.000054799537
问题3_固定价_八时点代理,2025-06-22,64613.47760973937,68650.17364491636,4802.4608023710625,765.7647671940746,4269.3603371850395,1710.4057603456622,38325.83399681465,5357.10038649161,16590.390099567667,60273.324482873926
问题3_固定价_八时点代理,2025-06-23,65784.31469907406,70691.0782857971,4906.763586723029,0.0,2766.1190618688374,2269.2189887590403,39764.95426950561,5593.563036934684,11338.970481296265,56697.48778773655
问题3_固定价_八时点代理,2025-06-24,77271.56405867626,78123.44972204816,3363.4611821685107,2511.575518796616,4259.052674139725,1664.2300035163696,47349.841525179996,2941.523417112597,15750.671955074775,66042.03689736736
问题3_固定价_八时点代理,2025-06-25,68196.55057596022,74586.16963973676,6402.289942248766,12.67087847222217,3137.1324947872577,3229.26664390266,40528.72699188763,7221.482942710599,13411.867520682532,61162.07745528076
问题3_固定价_八时点代理,2025-06-26,64982.10035833333,70662.07190537888,5708.348419810461,28.376872764905897,3473.9499529808218,2628.588395419244,39642.02350819444,5230.920220439692,13212.725488223847,58085.66921685798
问题3_固定价_八时点代理,2025-06-27,30521.199933333333,31667.8552130468,2026.2978038187139,879.642524105245,3630.175656448011,12664.664764711622,16209.695814756113,1774.1167222266943,15197.409835739838,33181.222372722645
问题3_固定价_八时点代理,2025-06-28,29622.548791666664,31473.575357558162,2032.805088685397,181.77852279390015,2624.607352960035,9281.25659385153,15804.258838007221,2182.1395372211136,9113.437553717275,27099.83592894561
问题3_固定价_八时点代理,2025-06-29,65716.39292500001,71574.60844995677,5859.375153868503,1.1596289117387641,3975.079018808135,2189.912193664747,39521.96056846917,5751.525234109405,14839.384790015394,60112.870592593965
问题3_固定价_八时点代理,2025-06-30,71553.46074452468,72997.70699555927,1528.789989581216,84.54373854662708,3073.2430651955865,2033.6576653239738,43434.30506426919,1882.6657313111705,11622.412626661935,56939.383422242296
问题3_固定价_八时点代理,2025-07-01,61754.82625411522,77919.82547117583,16164.999217060607,0.0,6918.715655305455,1845.3933365525104,37265.92085964997,17340.220731622692,23158.756739540877,77764.89833081354
问题3_固定价_八时点代理,2025-07-02,57602.4922425583,71751.23802646052,14148.745783902223,0.0,6505.866833340415,1333.542629980071,35819.69582917303,13449.116609724508,23196.797707626807,72465.61014652436
问题3_固定价_八时点代理,2025-07-03,66265.26025946501,79097.1614484341,12831.901188969085,0.0,7024.498045479646,2207.910452425002,40253.354431733576,13842.374765042858,24349.165736381747,78444.89493315818
问题3_固定价_八时点代理,2025-07-04,28870.8756,37730.674454414744,8859.798854414745,0.0,6416.160544277779,12264.542927955321,15090.842574541388,9631.634018189547,23229.20360835081,47951.68020108174
问题3_固定价_八时点代理,2025-07-05,29850.463041666662,38264.253283890735,8413.790242224071,0.0,7289.35010905448,13723.52342627855,15668.335516038609,9759.702359592711,25676.772583215374,51104.810458846696
问题3_固定价_八时点代理,2025-07-06,61612.339127263374,81568.18366322403,19955.844535960656,0.0,4657.410211252643,2109.5395437105844,38458.78121124409,19571.26159511829,16438.91282197971,74468.9556283421
问题3_固定价_八时点代理,2025-07-07,62266.07054554183,73489.79468536715,11223.724139825312,0.0,5798.809512061001,2102.084092353458,38681.21808225764,10716.877236411892,20658.828340577853,70056.92365924739
问题3_固定价_八时点代理,2025-07-08,66895.15490620713,75436.22486468493,9041.871247682813,500.80128920500283,6013.990308642173,1754.2086490485017,40973.17233741624,10425.276244741022,21749.998768396596,73148.44735055386
问题3_固定价_八时点代理,2025-07-09,67091.26405771605,75722.23206402829,8640.594396706478,9.626390394235727,4785.015185017158,2380.4773963607413,40815.180079796475,9670.782256328868,16978.247027210746,67464.2093633361
问题3_固定价_八时点代理,2025-07-10,59792.03790751028,71263.91199310383,11471.874085593543,0.0,6833.996306209866,1131.1675179584656,37598.190290330254,11477.511846276524,22663.371572168406,71739.07370877518
问题3_固定价_八时点代理,2025-07-11,32033.047708333335,38218.54727515615,6185.499566822811,0.0,5546.230129828438,8208.213304159864,17674.18968217417,6330.736657109119,19544.30644357417,43549.232782857456
问题3_固定价_八时点代理,2025-07-12,31339.18981666666,39133.79104405457,7794.601227387907,0.0,4965.333393707022,9974.881104428261,16835.581061495275,8214.72514925631,17415.70739069552,42466.013601447106
问题3_固定价_八时点代理,2025-07-13,66652.70337789369,69352.36356699193,4785.886967687285,2086.226778589031,5359.522315600681,1551.429385488595,42195.324081685896,4369.521793674166,20206.943482453345,66771.78935781341
问题3_固定价_八时点代理,2025-07-14,62282.40066772222,70690.95719614644,8462.127234457366,53.57070603314219,5595.625127009708,764.236500092514,38334.90684225612,9490.25114160733,20242.468494480243,68067.6264783437
问题3_固定价_八时点代理,2025-07-15,66565.24924279835,71702.13874484073,5256.662049264608,119.77254722222122,5927.243567931651,1262.390381930327,41052.40010712414,5899.391405324246,22045.023926951497,68996.81543939987
问题3_固定价_八时点代理,2025-07-16,63752.17737187928,71314.59939950069,7562.422027621411,0.0,6614.94137090761,1856.9032435256759,40306.56774778181,7524.160228478501,22374.989298431276,70205.71727469159
问题3_固定价_八时点代理,2025-07-17,61627.455998491074,72196.13005423534,10568.67405574426,0.0,5777.636983871633,1169.5248810966818,38325.63201131597,10666.972189712214,20648.058771761473,69640.66297278965
问题3_固定价_八时点代理,2025-07-18,33296.61578333333,37701.38047401732,4883.4977144003715,478.7330237163799,5730.476917164782,9117.609291182105,18752.82236413083,4990.3801560210095,20803.892883134326,44547.09540328616
问题3_固定价_八时点代理,2025-07-19,34106.53038333333,37755.543426393946,4779.595521175618,1130.5824781150034,5123.082941301648,12655.8073176956,19383.806228616664,4853.4598275388225,18303.531514803075,42540.797570958566
问题3_固定价_八时点代理,2025-07-20,67929.21933209876,73646.23849028617,6791.558730571288,1074.5395723838842,4709.880770264301,2280.176996425106,41423.04955051308,6869.873771990884,17446.036576665574,65738.95989916954
问题3_固定价_八时点代理,2025-07-21,68507.1871425926,74163.88657677226,5835.992337736227,179.29290355655792,5335.566393784105,1489.0032326251846,42528.850227640985,6226.881894751466,18667.936304250357,67423.6684266428
问题3_固定价_八时点代理,2025-07-22,65751.66783641426,76486.51943486715,10734.851598452888,0.0,4264.942795969438,2847.3755159111624,41175.43976803789,9657.311032801272,14471.800221998366,65304.55102283753
问题3_固定价_八时点代理,2025-07-23,76726.27192822359,74828.81591285371,3115.794445420418,5013.2504607903065,4889.046424830588,1437.1910079004513,47466.87525365929,2255.593336471626,18245.77916496501,67968.24775509592
问题3_固定价_八时点代理,2025-07-24,75676.23713038408,75111.68325657569,2706.2905239451766,3270.8443977535753,3966.109004823475,1497.7286602806023,47377.03970291024,2049.3614626916838,13138.543403642729,62564.94456924465
问题3_固定价_八时点代理,2025-07-25,33795.51961111111,37562.84754663427,3767.327935523165,0.0,3896.857450661014,11914.385430628623,19134.836809303335,3873.6197136042597,14389.049707307946,37397.50623021554
问题3_固定价_八时点代理,2025-07-26,33924.84461666667,38589.209880629074,4664.365263962411,0.0,3777.1436265727407,10857.26194053515,18779.963955820276,4722.866971495002,14183.87068996187,37686.70161727715
问题3_固定价_八时点代理,2025-07-27,68914.613225,75596.46855522614,7015.35746509879,333.50213487264784,4109.164230146706,1892.6726162125638,42315.777833771666,7617.590627396536,15041.897836597836,64975.26629776604
问题3_固定价_八时点代理,2025-07-28,71734.56139022634,78719.38154959261,7001.920476586311,17.100317220034185,5050.826747094163,1581.6549839474687,44144.856929858695,7392.98571160721,18109.288877488132,69647.13151895403
问题3_固定价_八时点代理,2025-07-29,71666.43251371742,80563.9225609946,8927.455126843874,29.9650795666804,2799.9093266472596,3112.8424463361953,44882.73639860545,7794.449683600675,10682.083165490056,63359.26924769618
问题3_固定价_八时点代理,2025-07-30,65172.97535181756,77633.72376887132,12460.748417053768,0.0,3314.6009816101187,2661.4770064477198,41109.85502308841,11181.178711995839,12673.522254530975,64964.55598961522
问题3_固定价_八时点代理,2025-07-31,69335.44902685184,77990.77175775563,8655.322730903777,0.0,3177.5563584182873,2188.9017336389056,43212.778266727495,8139.975252311085,11889.416319150014,63242.169838188594
问题3_固定价_八时点代理,2025-08-01,36697.239766666666,37964.8046341731,2192.597085350323,925.0322178438901,3046.021307451261,16719.466274957696,21202.581783546113,2029.1952663015804,11094.302380165584,34326.07943001328
问题3_固定价_八时点代理,2025-08-02,37620.374083333336,38810.10146730204,1400.7837531407251,211.05636917201605,3222.6488300869078,18064.013298989863,21799.00533374611,1294.3486986318412,13237.55712183725,36330.9111542152
问题3_固定价_八时点代理,2025-08-03,60580.20217215363,64041.375011893266,3477.8974420884037,16.72460234876644,3913.898049561747,1653.7456248542098,38844.64111183919,3584.180466092536,15810.203720827869,58239.025298759596
问题3_固定价_八时点代理,2025-08-04,64139.46350013717,67513.74863539502,4394.288366661171,1020.0032314033111,4218.468014158938,2733.9064265253996,41453.268233877694,3707.648029210443,15974.5919699828,61135.508233070934
问题3_固定价_八时点代理,2025-08-05,66156.6812180727,68098.75716803595,2970.64702742801,1028.571077464751,3050.3996114503484,2228.391126028954,42444.10888740049,1732.803931481951,12182.031178576897,56358.94399745934
问题3_固定价_八时点代理,2025-08-06,73800.48047441701,71430.91955305776,179.6893009616257,2549.2502223208717,3650.8912655118215,3126.5337317373,47830.055729738175,-968.3963018386524,14543.508495389053,61405.16792328858
问题3_固定价_八时点代理,2025-08-07,75429.79754074074,67227.55548436962,358.1407296825324,8560.382786053657,3262.423241842287,3459.942107068163,46706.128705845025,-1972.364235420306,13222.253377947287,57956.01784837201
问题3_固定价_八时点代理,2025-08-08,38781.70769166666,37888.93224959035,95.34117226726514,988.1166143435819,2592.1403044799904,21660.495638024273,22258.554292576944,-286.513819705988,10955.85866415827,32927.89913702923
问题3_固定价_八时点代理,2025-08-09,38940.345227777776,37822.293538975646,121.73683779393765,1239.7885265960672,2696.676776048774,18557.04131502442,22652.03072275278,-434.575480840501,10740.355190445054,32957.810432357335
问题3_固定价_八时点代理,2025-08-10,69055.31200500685,68002.72977897325,75.53164983713395,1128.1138758707316,2610.4176457813182,1688.1774192195942,44335.70444237591,-396.49084314239394,9681.216304410616,53620.42990364413
问题3_固定价_八时点代理,2025-08-11,67663.62696093964,68524.90380467665,989.2273246889795,127.95048095196887,2876.171408538669,2985.292526839988,42483.26977232791,866.1708272411565,11773.389836637027,55122.830436206095
问题3_固定价_八时点代理,2025-08-12,75619.01878203017,71914.05360390121,0.0,3704.9651781289695,2299.4704680857717,2838.670385902467,47306.380303842394,-1015.6242434946942,9126.901018106379,55417.65707845408
问题3_固定价_八时点代理,2025-08-13,68092.98653902605,70358.54190658689,2857.1237199022135,591.5683523413837,2566.8750750564864,3057.018836953267,42906.53100027467,1731.4468414487912,10897.554588629739,55535.5324303532
问题3_固定价_八时点代理,2025-08-14,69535.59723484225,71740.497244624,3635.5067041298976,1430.6066943481399,2468.892435480452,4290.907431452062,44653.35616579477,2255.436766977522,10270.063018570965,57178.855951343256
问题3_固定价_八时点代理,2025-08-15,40579.934583333335,38565.38694828571,343.1742778302281,2357.7219128778456,2558.5315084131003,20924.191573365482,23862.580779357777,-691.782910208916,10221.140008344575,33391.93787749344
问题3_固定价_八时点代理,2025-08-16,41956.533683333335,38364.278366812425,360.10055533113194,3952.3558718520426,2009.1628294276466,20404.160829573404,25319.087566777776,-1327.02086170569,8871.069233486556,32863.13593855865
问题3_固定价_八时点代理,2025-08-17,73019.57159290124,67318.8765304369,0.0,5700.695062464326,2844.940317085289,3358.0668986527367,45549.38987526632,-1467.7043211331504,12095.5363162059,56177.221870339075
问题3_固定价_八时点代理,2025-08-18,70559.18713166768,69836.11656336553,1172.9404614575528,1896.0110297596998,2118.647571184522,3620.9571149052663,45019.81290428852,121.32807955776218,8781.654065762224,53922.7950496085
问题3_固定价_八时点代理,2025-08-19,70659.47494622771,70128.20724958934,1136.0728038818784,1667.3405005202512,2149.434199942702,4265.218560300454,45057.40243326525,-101.18615866117582,10329.529218173016,55285.74549277709
问题3_固定价_八时点代理,2025-08-20,79622.73388271604,74571.09966102858,885.1409857426971,5936.775207430163,2329.201033107738,2182.97490857099,49362.07753338457,-583.8779243653813,9720.03562735583,58498.23523637501
问题3_固定价_八时点代理,2025-08-21,75320.97190445817,69176.78695059178,0.0,6144.184953866394,2409.057378887317,2046.1255644811804,47161.81661092082,-1933.1771252943377,10417.659498825331,55646.298984451816
问题3_固定价_八时点代理,2025-08-22,40882.29347222222,39386.48593500089,309.2874769181022,1805.0950141394305,2431.1550057074055,17547.0715407083,24073.80161139083,-422.58816166125723,10179.030693204779,33830.24414293435
问题3_固定价_八时点代理,2025-08-23,40017.220624999994,39115.62248599135,176.47340150962566,1078.0715405182696,1863.0800024810976,15408.696338472453,23101.15857209333,-91.15432533607202,7271.916936382232,30281.921183139493
问题3_固定价_八时点代理,2025-08-24,70366.6622702332,68113.83989586933,139.41932399357518,2392.241698357432,2763.9564635575675,3184.857012012503,45404.19372372306,-919.0892250410499,11694.824860415898,56179.92935909791
问题3_固定价_八时点代理,2025-08-25,92682.80911779834,75696.90589956648,0.0,16985.90321823187,1869.0227945468914,2818.801809230639,58560.9095300812,-5648.138366919825,7806.542044953327,60719.313208114705
问题3_固定价_八时点代理,2025-08-26,72462.9890335048,70681.85189354079,1696.6110290239917,3477.7481689879933,1871.0121471069974,3049.800851326227,46899.56604968985,-198.68220301945593,7509.245344594147,54210.12919126455
问题3_固定价_八时点代理,2025-08-27,73900.90669279835,74145.19520892744,1812.5315758393285,1568.243059710242,1426.6566578152672,3804.815256263354,47238.513597821075,876.4673009714348,6880.93467437952,54995.91557317203
问题3_固定价_八时点代理,2025-08-28,72800.913456893,75223.3081684536,3075.333324591172,652.9386130305647,2340.342024269075,2775.338019467819,45674.403960946634,2387.909897148342,9943.746238324073,58006.060096419045
问题3_固定价_八时点代理,2025-08-29,43418.32472222222,40247.73526112484,226.89661505968417,3397.486076157062,1680.7404507415602,16333.2553618664,25778.56366617055,-1116.4025848002632,7160.111862286116,31822.272943656404
问题3_固定价_八时点代理,2025-08-30,42580.90760977366,39928.85879457109,37.11956824217073,2689.1683834447435,1697.3461552520043,20073.485116489755,25289.956733213392,-1086.9197017144413,7125.109211230057,31328.146242729006
问题3_固定价_八时点代理,2025-08-31,71993.03594403292,71949.64502613501,1932.8351418810716,1976.226059778984,2773.25043644491,4122.185723617186,46357.93302487691,508.30721541432786,11170.782659628941,58037.02289992018
问题3_固定价_八时点代理,2025-09-01,82239.58970535082,63773.35606551802,0.0,18466.2336398328,1062.6783622116113,7746.345735807494,51294.78703033847,-6146.569384680802,4011.2455879952176,49159.46323365289
问题3_固定价_八时点代理,2025-09-02,72551.7350292181,64110.36605354429,2210.8767100697933,10652.24568574361,1463.6394334948827,7529.138556567939,45733.96380140389,-2328.6839669574038,5807.14388966828,49212.423724114764
问题3_固定价_八时点代理,2025-09-03,77338.25735432097,63377.798881459166,0.0,13960.458472861807,1589.294525714236,5956.127240564197,48849.53895540722,-4762.508797433584,6221.055967894751,50308.08612586839
问题3_固定价_八时点代理,2025-09-04,75062.32729208162,63173.218647879614,0.0,11889.108644202008,1543.3656945193989,7007.800582240203,48318.232107205105,-4430.440625813194,6033.787431069599,49921.578912461504
问题3_固定价_八时点代理,2025-09-05,42053.318999999996,33314.93157111021,328.8527652591602,9067.240194148946,1217.7678665166918,24668.437770960238,25033.29958456083,-3226.626436823775,4783.747343897079,26590.420491634137
问题3_固定价_八时点代理,2025-09-06,42070.863541666666,33331.05948354704,402.6280776610653,9142.43213578069,1424.7043665951096,23994.68015014215,24940.84030035194,-3052.4106341044885,5203.7133995585355,27092.143065805987
问题3_固定价_八时点代理,2025-09-07,71909.50427695268,65278.40902390439,3307.5449529422535,9938.640205990534,1150.3169095974467,7562.094994010637,46009.2845174368,-1340.033910244656,4399.618784342403,49068.86939153454
问题3_固定价_八时点代理,2025-09-08,80135.12721334018,68488.07065941667,0.0,11647.056553923516,1600.0381575168137,6676.9264479241365,50301.11062346304,-4077.8690073195326,5439.575474924306,51662.81709106782
问题3_固定价_八时点代理,2025-09-09,69003.3325046982,62488.540468035666,1505.8098074772165,8020.601844139765,1616.1148745914888,7115.8371545289465,44449.91817998324,-1874.4757175222855,6210.708570316046,48786.151032777
问题3_固定价_八时点代理,2025-09-10,81705.7483202037,70269.57846797435,0.0,11436.169852229343,1317.6247417995598,6059.330752287165,51357.64385537341,-4267.477989532992,5915.743731734137,53005.90959757456
问题3_固定价_八时点代理,2025-09-11,80741.4756260288,62355.7495085208,0.0,18385.726117508002,1715.934792968937,6778.062079211473,51354.94209735801,-6261.987847893448,7148.7067335891625,52241.66098305373
问题3_固定价_八时点代理,2025-09-12,42459.22421666666,33702.16269197354,177.5391356008206,8934.60066029394,1255.355812435755,20365.862304409296,25174.90415844361,-3320.7599743690726,4341.240807949364,26195.3849920239
问题3_固定价_八时点代理,2025-09-13,42267.523141666665,34283.94321408476,453.053167738694,8436.633095320603,1393.2357528851446,24630.077483636567,25056.892005804722,-2644.346253153033,4519.929838898147,26932.475591549835
问题3_固定价_八时点代理,2025-09-14,85100.75703096707,69349.10996178698,0.0,15751.647069180088,1611.9405501482083,6703.805700429474,54407.37803929908,-5891.68783102849,4863.97457858133,53379.66478685192
问题3_固定价_八时点代理,2025-09-15,70282.75576172839,63352.63365398002,1571.257620345279,8501.379728093652,1828.3688707595797,6139.125273620693,45345.88655521769,-1860.1587902915896,7837.509535675725,51323.23730060182
问题3_固定价_八时点代理,2025-09-16,84131.8357,69169.29953778913,0.0,14962.536162210861,1143.8450576078567,6727.081348306805,52971.75233600056,-5315.234181011855,3894.6093290846266,51551.127484073324
问题3_固定价_八时点代理,2025-09-17,79795.28400912207,67948.01751942305,118.82473159288955,11966.091221291917,1354.0887420504866,5221.152167118928,51164.48227078924,-4506.623546321386,5029.486523854802,51687.34524832265
问题3_固定价_八时点代理,2025-09-18,71641.75757098765,68549.96551448031,6005.803222577418,9097.595279084757,1561.0471943793661,7139.75623661156,46208.50632870463,1497.8093471204081,5660.242785028565,53366.5584608536
问题3_固定价_八时点代理,2025-09-19,42414.12902777777,34525.38729509933,313.1195124359747,8201.86124511442,1249.6605553062316,16633.695533738897,25350.127101911665,-2855.6492114310677,4320.303851644448,26814.781742125044
问题3_固定价_八时点代理,2025-09-20,42707.95988611111,34802.52017792468,200.1102274399003,8105.549935626333,1633.1687660184018,17750.255210609743,25528.487401833332,-2933.1294170334068,5872.262845824259,28467.620830624182
问题3_固定价_八时点代理,2025-09-21,79134.32824074074,69145.45643439502,0.0,9988.871806345716,1272.0083964380442,8305.256226194764,50231.710669768516,-3712.685117086881,3910.1783644805064,50429.20391716214
问题3_固定价_八时点代理,2025-09-22,82632.27656937586,68018.81541353381,0.0,14613.461155842035,1632.5580172602452,4911.772336598724,52711.90898748315,-5400.688735081068,5873.8089879114395,53185.02924031352
问题3_固定价_八时点代理,2025-09-23,80255.89720864197,71354.4131795972,502.8798670895593,9404.363896134326,1158.2601713780593,6197.359682342046,50977.78571060216,-2798.9066304209027,4367.733775593527,52546.61285577478
问题3_固定价_八时点代理,2025-09-24,70384.31387417695,68419.18320414948,4399.250857044252,6364.381527071725,1748.9015978295397,5049.317437462527,45482.802687580675,402.90798086854636,6308.461750062418,52194.17241851164
问题3_固定价_八时点代理,2025-09-25,76590.45708045267,69955.3106426515,1295.3186826531744,7930.465120454346,1702.3733039229808,7208.083001507493,48897.025914318205,-2158.94302402611,6186.983380865008,52925.066271157106
问题3_固定价_八时点代理,2025-09-26,42885.57078333333,34015.33959533773,294.91882595816435,9165.150013953762,1124.3911339165102,14405.487229254242,25678.241782482775,-3255.8464913418547,3293.336777408386,25715.732068549307
问题3_固定价_八时点代理,2025-09-27,41575.389825,35358.394249291145,409.75233098915385,6626.7479066980095,1524.2888274422642,16041.380826733404,24632.062031287776,-2035.1527516097303,4789.316949515584,27386.22622919363
问题3_固定价_八时点代理,2025-09-28,76738.37518652264,73152.53663462735,2351.220201533406,5937.058753428686,1188.4941215797505,6700.38618630492,48900.89271902772,-540.2869429223564,3779.042836515448,52139.64861262081
问题3_固定价_八时点代理,2025-09-29,76382.79235010287,68061.11883142346,420.7635560808787,8742.437074760295,2052.278691596138,3254.023358944712,48412.54172307151,-2676.121298022902,8049.570879817201,53785.991304865805
问题3_固定价_八时点代理,2025-09-30,74583.25986577503,72414.01905153102,2391.1108655610246,4560.351679805033,1352.4753951338932,4005.6480944658133,47667.54530630595,414.03878141275027,5131.169584390746,53212.753672109444
问题3_固定价_八时点代理,2025-10-01,70908.5868632716,60697.87803391468,0.0,10210.70882935692,853.123097768173,7905.701283904405,44687.06802326503,-3558.4116359238024,2513.7754150457363,43642.431802386964
问题3_固定价_八时点代理,2025-10-02,77674.57557320781,60441.27949466737,157.18967982570632,17390.485758366147,1278.3363178231255,5926.645161696864,49242.00790111992,-5906.561353613244,4653.071513351716,47988.51806085839
问题3_固定价_八时点代理,2025-10-03,37058.29098611111,31680.604459599606,220.26032604445206,5597.946852555957,876.28079907517,21699.73155867478,21168.634408005833,-1927.860969752573,3000.2003754447614,22240.973813698023
问题3_固定价_八时点代理,2025-10-04,39060.3275,31929.72229721532,0.0,7130.605202784679,1685.3240783457456,17486.19203226549,22613.060509050836,-2854.5724072054772,5862.925379038942,25621.4134808843
问题3_固定价_八时点代理,2025-10-05,76704.5753924897,62022.63963488936,99.5042720250415,14781.440029625388,1402.3631949121238,4595.08275521606,48188.45279942043,-4886.790705915715,4691.2491887487395,47992.91128225345
问题3_固定价_八时点代理,2025-10-06,63060.17387160494,63146.146155933246,2912.722908251159,2826.750623922846,1210.6844062896098,2561.241884607825,39838.796697438425,1032.8883882792409,4248.945784927444,45120.63087064511
问题3_固定价_八时点代理,2025-10-07,66472.13534427297,64865.77632812807,1244.2003980475247,2850.55941419243,785.4783450393513,3793.287851642074,41480.42300241433,49.69633345735919,2867.1813080559537,44397.30064392764
问题3_固定价_八时点代理,2025-10-08,64136.720474999995,61911.75160613093,1560.8669214104527,3785.835790279521,1724.6693005619911,3104.5919066929255,40196.60451851777,-245.81891950721274,6658.469086616149,46609.254685626714
问题3_固定价_八时点代理,2025-10-09,73923.14981769546,60653.45281079468,268.16679114290287,13537.863798043687,1570.84603754067,2405.3693054139635,46318.14593842118,-4070.3210885519256,6429.596967581725,48677.42181745097
问题3_固定价_八时点代理,2025-10-10,35305.707566666664,31711.781801340687,0.0,3593.925765325978,1509.3928569891968,20908.925742378207,19765.754330105556,-1404.2810262216437,5782.52419508246,24143.99749896637
问题3_固定价_八时点代理,2025-10-11,35572.92832222222,31699.57715593185,0.0,3873.351166290372,1112.551548270709,15716.33546823943,19905.11457333361,-1656.937494204535,4281.166828643041,22529.343907772116
问题3_固定价_八时点代理,2025-10-12,67490.0925096022,65059.91072071071,1498.9164753852474,3929.0982642767267,1521.8793519025492,4193.98104751645,41966.402960966334,-276.7528830206129,6175.4718390659355,47865.12191701166
问题3_固定价_八时点代理,2025-10-13,68764.35020185185,62543.7136594583,897.8684285760945,7118.504970969637,1614.6953748518017,3077.6804009767798,42697.40634524166,-1168.1460069069738,6004.238641781843,47533.49898011653
问题3_固定价_八时点代理,2025-10-14,72055.25309845679,65544.03650790294,1123.476699100883,7634.693289654723,1848.7818259812584,2538.2580811735133,45087.868467580585,-1124.4693829175637,6219.461967247117,50182.86105191014
问题3_固定价_八时点代理,2025-10-15,74306.16072692043,66526.71221887118,224.80345667059012,8004.251964719835,1726.851016970457,2209.6985608820955,46345.342540188474,-2532.000842026254,6108.541539416253,49921.88323757847
问题3_固定价_八时点代理,2025-10-16,70236.36162860082,68341.22796129645,1057.9046276631416,2953.0382949675104,1580.943930943493,2753.5847724339296,44128.17852193483,94.91052927175011,6111.165772063813,50334.25482327039
问题3_固定价_八时点代理,2025-10-17,32864.64602777777,31715.427029361723,460.0231652138079,1609.2421636298604,905.7975986635787,13570.391572931854,17849.04513333111,-175.86617317642765,3303.81533890775,20976.994299062433
问题3_固定价_八时点代理,2025-10-18,35425.169616666666,31528.78133191832,162.41921607646958,4058.8075008248147,1253.6350714396137,13665.82313669127,20003.180155645,-1518.4470836426403,4378.268753414986,22863.001825417345
问题3_固定价_八时点代理,2025-10-19,71934.50528662551,68234.59349240382,1005.0878914696341,4704.999685691326,1956.428428372523,2099.4330316359747,45274.012750399896,-877.0003714498962,7591.62769815433,51988.640077104326
问题3_固定价_八时点代理,2025-10-20,75506.79013796296,70199.04336873288,480.07581948799145,5787.822588718073,1316.4264576550981,2914.235589230801,47734.08977683925,-1673.494010600425,4985.807520246747,51046.403286485576
问题3_固定价_八时点代理,2025-10-21,74723.22104166666,72063.11465884467,1104.8365918887748,3764.942974710774,1287.9883231193598,2659.371771776986,46782.53189764139,-103.24639891705009,4410.116841008634,51089.40233973297
问题3_固定价_八时点代理,2025-10-22,70926.85344341563,69817.37900324502,1433.2197354089076,2542.694175579525,1593.856710365057,1728.9916614882604,44560.506437187374,117.85019815242822,6226.035155073805,50904.39179041361
问题3_固定价_八时点代理,2025-10-23,81477.60245833332,67145.61465542337,227.1826464937911,14559.170449403744,2068.056716998543,1678.3084093479158,50931.05721884833,-4344.106538521243,7453.6311550784885,54040.581835405574
问题3_固定价_八时点代理,2025-10-24,33917.6183494513,32169.026513588175,142.81221850834748,1891.4040543714768,1546.238318011186,12229.271253122615,18484.438082496268,-665.9403014301821,5828.378738696029,23646.876519762118
问题3_固定价_八时点代理,2025-10-25,33987.54856879286,32418.448935977987,130.12936902696123,1699.2290018418357,1296.8578430014488,11281.91203734913,18574.95303628973,-663.281352124345,4806.712120534955,22718.38380470034
问题3_固定价_八时点代理,2025-10-26,75793.5647723251,68275.16257877942,424.34048725864034,7942.742680804327,2183.0370085353206,1733.2770150468539,47365.52393584718,-2184.8976421412485,7761.322590080476,52941.94888378641
问题3_固定价_八时点代理,2025-10-27,68718.89639773662,70126.77656836978,2471.2072331236704,1063.3270624905058,1607.3719116471357,3957.4993328318533,43246.57744279117,1708.8001986000895,5726.754444030118,50682.13208542138
问题3_固定价_八时点代理,2025-10-28,68762.83904393003,70924.8035749628,3315.731353741125,1153.7668227083523,1604.999156148454,2518.2550272789567,43475.405132422435,2183.710406255371,5962.358663156315,51621.47420183412
问题3_固定价_八时点代理,2025-10-29,76187.17256348593,75204.93189039668,982.0848585236438,1964.3255316129075,968.5111603830395,2433.4453651100766,47251.74690101197,356.27360400416865,3396.4415218271624,51004.4620268433
问题3_固定价_八时点代理,2025-10-30,66979.96026625513,68208.06493000242,2585.4649072425354,1357.3602434952513,2198.9097821141245,1451.2444412399936,41897.167137474506,1828.2901572771725,8367.884764053377,52093.34205880505
问题3_固定价_八时点代理,2025-10-31,34773.0637872428,32774.95292923712,121.2524295886678,2119.363287594344,1222.6891342307422,6967.43503436759,18955.25483106103,-685.8090282303885,4843.377094896474,23112.822897727114
问题3_固定价_八时点代理,2025-11-01,33938.06672150206,32879.54221267222,247.21153903717925,1305.7360478670141,1428.7374833873616,8635.524594923574,18240.13939148788,-356.51947611497064,4975.242378660627,22858.862294033537
问题3_固定价_八时点代理,2025-11-02,73313.5375872428,74120.37415814165,2690.6984992131324,1883.8619283142748,1677.0153399558303,2503.9228847273916,45892.81408636174,1667.0042955973222,6547.935058819066,54107.75344077812
问题3_固定价_八时点代理,2025-11-03,78255.21686133332,73934.24554301154,651.5391740617338,4972.510492383515,1847.658763232545,2037.0516065785573,48632.161704622515,-915.9238616563937,6685.872074588676,54402.10991755479
问题3_固定价_八时点代理,2025-11-04,72369.30954218107,72499.43782876257,1299.8612480517975,1169.7329614702953,1867.2879401171426,2570.1643407050688,45127.29520794228,677.658478837057,7175.785109479821,52980.73879625916
问题3_固定价_八时点代理,2025-11-05,79873.56729499313,73754.8788423918,535.5114700964485,6654.199922697783,1871.4705614367044,1746.418141260167,49646.541186479415,-1570.0793536620438,7273.734996353341,55350.19682917071
问题3_固定价_八时点代理,2025-11-06,74613.3675020576,75767.79538774221,2168.525092718829,1014.0972070342277,2115.194789881451,2133.656234459098,46215.80270970347,1996.9138217593268,8175.301178015784,56388.01770947858
问题3_固定价_八时点代理,2025-11-07,33668.696682407404,33718.280074943774,529.8842368062357,480.30084426987105,1531.4576698807532,8621.775309092569,17625.430514265,289.9013166763245,6289.709592898406,24205.04142383973
问题3_固定价_八时点代理,2025-11-08,33983.486491358024,34121.47756003075,924.0198271976301,786.0287585249035,1520.9984563514902,8700.318868340839,17934.48777240537,263.1911516809749,6202.131179270567,24399.81010335691
问题3_固定价_八时点代理,2025-11-09,77004.91314207818,76041.45908347578,450.31877179525407,1413.772830397659,1673.2302338669838,2030.2545300976951,47867.921834781715,77.51188410360564,6449.640162738587,54395.07388162391
问题3_固定价_八时点代理,2025-11-10,77731.9059665192,79341.10561494334,3339.6873364241337,1730.4876879999842,1955.0187832936692,2947.991836032908,48513.46504872907,2741.4159261344294,7564.445604803819,58819.32657966732
问题3_固定价_八时点代理,2025-11-11,79981.82646808332,75932.94084800259,323.99808574892364,4372.883705829659,1635.6486440079507,1689.0021686528376,50104.76553563724,-1190.7939525855163,6596.936886839789,55510.90846989152
问题3_固定价_八时点代理,2025-11-12,76135.34776992456,77069.46058699516,2231.75658441996,1297.6437673493547,1520.9733729407728,3188.1741578176934,47219.912103723174,1837.8855303645282,6584.907341025843,55642.70497511354
问题3_固定价_八时点代理,2025-11-13,73880.47018271605,76786.3210966568,2950.109063256379,44.258149315634,1864.5308749847138,1885.5657538767111,45996.60309141315,2804.2176625290954,6966.387675702959,55767.2084296452
问题3_固定价_八时点代理,2025-11-14,34105.4566,35592.73376620477,2041.7257519367238,554.4485857319439,1734.3642470001862,6456.4604436662685,18080.194108267773,1169.6869570919475,6673.440130562185,25923.321195921908
问题3_固定价_八时点代理,2025-11-15,35836.06703909465,34766.28191978166,24.772723197391485,1094.5578425103813,1483.7454231401057,4667.197591111828,18910.625714802685,-365.3637152213013,6114.076067074454,24659.338066655837
问题3_固定价_八时点代理,2025-11-16,76728.7225111797,78919.77185545728,2400.0423095114097,208.99296523383282,2111.639667299322,2174.7855238267066,47682.28905133036,3086.3417791111806,8259.118500383429,59027.74933082497
问题3_固定价_八时点代理,2025-11-17,73515.03241687242,78353.31181731532,5040.75498286996,202.47558242705793,1549.0663624630606,2868.2892268928313,45933.569774335716,4945.555873779248,5781.3932826887585,56660.51893080372
问题3_固定价_八时点代理,2025-11-18,77428.88776613888,79520.94002146715,2435.4247389484844,343.372483620225,1650.0481281203463,1844.1825761625782,48166.44679420994,2722.3940620218177,6238.056600938321,57126.89745717008
问题3_固定价_八时点代理,2025-11-19,76343.35975576131,81197.84160831715,4940.329176142079,85.8473235862466,1396.8710058089887,2703.2866270992135,47379.37720564668,5184.520678418419,5440.291880939838,58004.18976500493
问题3_固定价_八时点代理,2025-11-20,76008.9754095,79377.12332809927,3485.4488302581326,117.30091165885392,1658.348746589172,1701.2299369216014,47183.71746464761,3690.0373544059394,6702.771774067395,57576.52659312095
问题3_固定价_八时点代理,2025-11-21,34474.40039567901,34358.36488810229,346.06061816710775,462.0961257438288,1697.8468210132469,3773.9874372259037,18177.90344110583,75.65793084434394,6285.8064236608725,24539.367795611048
问题3_固定价_八时点代理,2025-11-22,36948.466615020574,35825.55901475668,6.047343954548126,1128.9549442184414,1978.4974323011616,4105.597566470851,19258.752547837787,-343.26450511115013,7214.413034536924,26129.901077263563
问题3_固定价_八时点代理,2025-11-23,76871.2315563786,79787.2825858661,3293.925779574258,377.87475008675653,1670.069912403874,1738.149729592478,47832.22811294344,3677.1457972398266,6202.2150061566235,57711.58891633989
问题3_固定价_八时点代理,2025-11-24,75820.84712345678,77582.74453062136,1818.65713029165,56.759723127073926,2108.104190437674,1068.7327342608157,47267.82159308775,1794.4635726913916,8231.083999805682,57293.369165584816
问题3_固定价_八时点代理,2025-11-25,87052.16565017146,80584.57305619206,9.40022371013606,6476.992817689528,1635.3622482519822,1602.27745977123,55014.28691398114,-2323.652886820234,6382.779120154487,59073.41314731539
问题3_固定价_八时点代理,2025-11-26,81882.38540534979,81948.79509037321,1618.090220126253,1551.6805351028363,1889.2642512556263,2499.351845387833,51068.58895724991,1400.4784898454486,7600.676486144912,60069.743933240265
问题3_固定价_八时点代理,2025-11-27,79345.1210204777,81635.54565188156,2470.339174562338,179.91454315848148,1434.5290646856688,2766.335145218379,49494.21449159097,2883.136798678472,5517.943157257698,57895.294447527136
问题3_固定价_八时点代理,2025-11-28,35224.38907908093,35104.903884105275,583.391767794141,702.8769627697964,2059.8901095507945,2740.0976711420976,18531.279862123258,394.6687682888791,8019.541485382019,26945.490115794157
问题3_固定价_八时点代理,2025-11-29,43686.57205390946,38737.30493675272,0.0,4949.267117156739,1672.6701792298727,2037.9191331350858,22492.697211351202,-1333.2776443546445,6640.64939783676,27800.068964833317
问题3_固定价_八时点代理,2025-11-30,82537.44754999998,85628.25381534235,3266.2039207297526,175.3976553873922,1294.7931026523784,2031.396615346198,51518.05800020916,3913.085304316355,5101.5170161498445,60532.66032067536
问题3_固定价_八时点代理,2025-12-01,86068.69189132372,88718.3030977369,2916.5033666400814,266.8921602269045,3643.562126107928,1293.629271034185,54575.61104627132,2978.7838880077948,12249.979507110409,69804.37444138952
问题3_固定价_八时点代理,2025-12-02,89191.92316666666,91996.70071566087,3725.3719040837814,920.5943550895672,3036.96866982742,1687.4951783254403,56329.61000852166,4374.372678857126,10312.376710680339,71016.35939805912
问题3_固定价_八时点代理,2025-12-03,79222.75110558333,90656.79878670987,11507.694404936861,73.64672381032312,2759.4606379423503,1461.363920872166,49630.665754843496,12121.585799191904,8242.607305067091,69994.85885910249
问题3_固定价_八时点代理,2025-12-04,86666.06400833333,89805.80521370666,4413.213327368505,1273.4721219951678,3301.2584042930175,1700.3294178185565,55106.07530524249,5140.693101390784,10887.663813402876,71134.43222003615
问题3_固定价_八时点代理,2025-12-05,38407.700876543204,44977.25746267343,6572.385215232126,2.828629101902493,2722.554833585989,2314.46761977935,20018.392878230647,5150.36634418399,8574.498360312862,33743.2575827275
问题3_固定价_八时点代理,2025-12-06,41223.37890634431,46209.35166022652,4985.972753882218,0.0,2936.1539857966745,1473.972396562081,21452.068152016185,3941.014869610669,9176.869109374344,34569.9521310012
问题3_固定价_八时点代理,2025-12-07,89442.84439999999,90649.46199493285,2459.9914238782667,1253.3738289454102,3489.0372056887063,1734.4715369410178,56774.148272214436,2568.2671900278724,11391.365193409705,70733.78065565201
问题3_固定价_八时点代理,2025-12-08,89344.64530298352,93072.98664069698,3843.5086534029997,115.16731568955413,2473.4995292274066,2877.8413741295203,56582.31451608342,4300.509422845035,7887.091112795097,68769.91505172355
问题3_固定价_八时点代理,2025-12-09,88408.10611666666,91072.54534204154,3341.0640459773595,676.6248206024653,2828.963681738959,1711.4055464526764,55948.76702281694,3970.617999993752,9926.482230704152,69845.86725351484
问题3_固定价_八时点代理,2025-12-10,84490.77436080246,91750.4245672336,7394.910237433456,135.26003100232424,2984.719861912692,1534.6303736082205,53336.811472617774,8028.701895639366,9079.864482107976,70445.37785036511
问题3_固定价_八时点代理,2025-12-11,87570.19002997255,89628.72415746903,2590.3241806644505,531.7900531679838,2597.31539610059,1566.667769675928,55345.76228957895,3124.3611867649242,8445.060259132308,66915.18373547618
问题3_固定价_八时点代理,2025-12-12,40301.00216399177,47746.915184654245,7445.913020662479,0.0,2385.051890468191,2348.3515208562976,20858.88455811036,5879.123677948597,7206.1486023104835,33944.15683836944
问题3_固定价_八时点代理,2025-12-13,41513.76712290809,47054.53465476179,5725.427363650721,184.65983179702295,2456.5867910403763,1753.1524237897067,21408.157692369357,4704.480360662659,8302.127752660675,34414.76580569269
问题3_固定价_八时点代理,2025-12-14,83451.82705003428,92700.0856989427,9248.258648908415,0.0,2658.1129717108934,1750.5398803617459,52544.91154385224,10016.09941242337,9018.585757647463,71579.59671392308
问题3_固定价_八时点代理,2025-12-15,83705.68716666667,93040.94587415174,9335.258707485073,0.0,2852.441321739881,1666.9154287779872,52621.26786972361,10235.409605297798,9545.049305921744,72401.72678094315
问题3_固定价_八时点代理,2025-12-16,88740.31354166666,92774.66285776692,4507.056141055763,472.7068249555057,2579.281788173821,1250.2663625292012,56496.125331483054,4791.621141741883,8117.598400049176,69405.34487327411
问题3_固定价_八时点代理,2025-12-17,89497.97360524691,91631.9883201689,2566.2973779889053,432.28266306691876,2653.420538439334,1388.3660903675773,56725.44453185416,2993.8787397787464,8294.258674054277,68013.58194568718
问题3_固定价_八时点代理,2025-12-18,84761.03801718105,91355.9005516196,6641.987991378069,47.125456939519324,2535.366787761008,1747.9294953778008,53766.67095395231,7515.193255833838,7652.032850324401,68933.89706011055
问题3_固定价_八时点代理,2025-12-19,38432.866507133054,45446.50441614258,7031.582725287551,17.944816278022927,2786.099826535451,1391.5115262783283,20325.056881633434,5468.732480470406,9088.1931493866,34881.98251149044
问题3_固定价_八时点代理,2025-12-20,41490.51828981481,46063.438717413344,4779.715986074072,206.79555847554172,2432.777270909166,1576.2385664596782,21663.688120635965,3799.786963096544,7548.646181071169,33012.121264803674
问题3_固定价_八时点代理,2025-12-21,87963.51915679012,92010.15135763363,4117.4850942827625,70.85289343924592,3516.7559455614364,1694.106214107837,55637.01080798194,4644.140971820684,11986.680643059057,72267.83242286168
问题3_固定价_八时点代理,2025-12-22,86441.26254146089,92705.18162930568,6263.919087844787,0.0,2489.483674372556,1492.8491153565917,54825.31688801796,6619.441868107206,8479.514557903254,69924.27331402841
问题3_固定价_八时点代理,2025-12-23,88884.05798446502,90920.4131319481,2332.8083980154197,296.45325053234615,2324.417723226727,1217.7933334574418,56345.40116220009,2745.662242341985,7623.821879100118,66714.88528364219
问题3_固定价_八时点代理,2025-12-24,87870.929225,91442.29607556104,3750.1370939955086,178.77024343446556,2526.72260324881,1370.6428697035503,56033.51105384333,4111.42555215572,7832.079408383666,67977.01601438272
问题3_固定价_八时点代理,2025-12-25,84156.07383333333,91327.96287733648,7171.889044003153,0.0,2762.5779553054676,1505.0044270066192,53093.799146285,7823.154797203712,9079.99916447042,69996.95310795913
问题3_固定价_八时点代理,2025-12-26,39669.03224458162,45727.66502735054,6373.971077042903,315.33829427398325,2502.7919570626955,1143.84756531791,20870.694563970977,4921.523822597903,7886.690668874169,33678.90905544305
问题3_固定价_八时点代理,2025-12-27,41650.33523816872,46433.96495647418,4870.657134726147,87.02741642068787,2495.549217722436,1508.676919085749,21643.4240630947,3768.146410957361,8355.637441428773,33767.20791548083
问题3_固定价_八时点代理,2025-12-28,87335.29259053497,90426.40239067741,3633.1306189791903,542.0208188367565,2645.725364594193,1571.4573866139754,55448.5270096688,3700.3325977008676,8811.954475777633,67960.8140831473
问题3_固定价_八时点代理,2025-12-29,87871.27303333333,92777.60569415965,4949.411482239271,43.07882141295522,2009.9116375847775,2541.8034929056316,55408.78264990027,5511.169851336848,7327.589311686668,68247.5418129238
问题3_固定价_八时点代理,2025-12-30,88966.65526917008,89861.64892195511,2039.364082628868,1144.370429843836,2550.40130909788,1495.3603551312058,56454.486113795334,2049.7332712549314,8549.95751953264,67054.1769045829
问题3_固定价_八时点代理,2025-12-31,90898.75641131686,93306.51869835833,2638.065967012969,230.30367997150393,1921.7656002585015,1800.246527584568,57590.60133186787,3227.209685459218,6703.08134227134,67520.89235959842
